stratum,seed,signal_type,response,reasoning
O1,0,A,rejected,"I'm currently in the kitchen at 6:30 PM and the indoor temperature is already 1.2°C above my setpoint—turning off HVAC for 30 minutes would push it further into discomfort territory on a 34.9°C outdoor day. I'm home and actively using the space, so I need climate control now, not a grid stability fa"
O1,0,B,rejected,"I'm currently in the kitchen and comfortable within my tolerance band (23.9°C is only 1.2°C above my 22.7°C setpoint). I'm about to leave for the office anyway in the next 15 minutes, so raising the thermostat now won't help—the HVAC will keep running to cool back down when I return, and I've alread"
O1,0,C,rejected,"My home is only 1.2°C above setpoint—well within my comfort tolerance—and I just adjusted the thermostat a few hours ago. A peer comparison doesn't change the fact that I'm comfortable right now, and I'm not going to fiddle with settings repeatedly just because others are doing something different."
O1,1,A,rejected,"I'm currently in the kitchen at 6:30 PM and the indoor temp is only 0.9°C above my comfort threshold. Turning off HVAC for 30 minutes during a 34.9°C outdoor day risks the temperature climbing beyond my 1.1°C comfort band, which would make me uncomfortable. The cost savings at peak rate don't justif"
O1,1,B,accepted,"The math is clear — $0.35 savings for a 2°C adjustment that keeps me within my comfort zone (I'm already at 23.9°C, so 25°C is still acceptable). Low effort, clear benefit, and I've already shown I'm willing to adjust the thermostat for cost when it doesn't compromise comfort."
O1,1,C,rejected,"I'm already within my comfort zone at 23.9°C (only 0.9°C above setpoint), and the HVAC is doing its job on a hot day. A peer comparison doesn't change my comfort needs, and I've already made a deliberate choice to set the thermostat at 23.0°C as a reasonable balance. One message won't make me overri"
O1,2,A,rejected,Indoor temp is already 1.1°C above setpoint in a hot outdoor environment (34.9°C); turning off HVAC for 30 minutes risks discomfort and potential temperature drift beyond my 1.7°C tolerance band. The peak rate savings (~$0.26) don't justify the comfort risk when I'm home and actively using the space
O1,2,B,accepted,"The message provides a concrete savings figure ($0.35 today) and clear rate comparison that makes the benefit obvious. I'm already 1.1°C above setpoint, so raising it by 2°C to 24.8°C keeps me well within my comfort band (±1.7°C) while meaningfully reducing peak-rate HVAC runtime."
O1,2,C,rejected,My home is only 1.1°C above setpoint and well within my comfort band (±1.7°C). I already proactively raised the thermostat to 22.8°C earlier today to ease HVAC load during peak rates. A peer comparison doesn't change the fact that I'm comfortable and have already taken reasonable action—pushing furt
O1,3,A,rejected,"I'm already at my comfort edge (23.9°C, just 1.1°C above my setpoint) with outdoor temps at 34.9°C. Turning off HVAC for 30 minutes would push me into discomfort territory, and I'm in the kitchen preparing dinner—I need the cooling. The cost savings don't justify the discomfort right now."
O1,3,B,rejected,"I'm currently at the comfort edge (23.9°C, only 1.1°C above my setpoint) and raising the thermostat by 2°C would push me into discomfort territory. The $0.35 savings is modest compared to the inconvenience of feeling too warm, especially since I'm home and aware of the peak rate already."
O1,3,C,rejected,"I'm only 1.1°C above my comfort setpoint on a 34.9°C outdoor day, and I've already adjusted my thermostat down from 23.9°C earlier. A peer comparison doesn't change my comfort needs, and I'm not going to further reduce cooling when I'm already at my tolerance edge."
O1,4,A,rejected,"I'm currently in my home office working, and turning off HVAC for 30 minutes on a 34.9°C day would let the temperature rise well beyond my 1.7°C comfort tolerance (currently 23.9°C, setpoint 22.7°C). The discomfort isn't worth the grid request, especially since I'm actively using the space right now"
O1,4,B,rejected,"I'm currently working from home and comfortable at 23.9°C within my tolerance band (±1.7°C from setpoint). Raising the thermostat by 2°C would push me toward discomfort, and $0.35 savings today isn't worth the distraction while I'm focused on work. I've already adjusted once today and don't want to "
O1,4,C,rejected,I'm only 1.1°C above my comfort setpoint and well within my tolerance band—the comparison message doesn't change that my current temperature is acceptable. I've already adjusted my thermostat once today to balance comfort and cost; further reduction would risk discomfort during peak heat without a c
O2,0,A,rejected,"I'm currently at 23.9°C, which is already 0.9°C above my 23.0°C setpoint and approaching my comfort limit of 25.2°C. Turning off the HVAC for 30 minutes in 34.9°C outdoor heat would likely push me over my comfort threshold, and I'm not willing to be uncomfortable just to save money on peak rates—I a"
O2,0,B,accepted,"The message gives me a specific dollar amount ($0.35 savings today) and clear rate comparison (3× difference), which gets my attention as a cost-conscious person. I'm already at 23.9°C which is within my comfort band, so raising the setpoint by 2°C to 25.0°C is a low-effort change that won't make me"
O2,0,C,rejected,"I'm already within my comfort band (23.9°C is only 0.9°C above my 23.0°C setpoint, well within my 2.2°C tolerance), and I'm paying peak rates anyway right now. A vague comparison to neighbors doesn't tell me how much I'd actually save in dollars, and I'm not going to be uncomfortable just to match w"
O2,1,A,rejected,"Indoor temperature is already 1.2°C above my comfort setpoint at 23.9°C, and it's 34.9°C outside—turning off HVAC for 30 minutes would likely push the temperature uncomfortably high. I've already adjusted my thermostat up slightly earlier today to help during peak rates, but I'm not willing to sacri"
O2,1,B,rejected,"I'm already comfortable at 23.9°C and only 1.2°C above my setpoint—raising it another 2°C to 24.7°C would push me toward discomfort on a hot day. The $0.35 savings is modest, and I'd rather not fidget with the thermostat again after adjusting it earlier."
O2,1,C,rejected,"I'm already comfortable at 23.9°C and my thermostat is set to 22.7°C—the HVAC is doing its job. A peer comparison doesn't tell me what concrete savings I'd get or how much discomfort I'd have to accept, and I'm not going to adjust my comfort just because others did."
O2,2,A,rejected,"I'm comfortable right now at 23.9°C watching TV, and turning off the HVAC for 30 minutes on a 34.9°C day risks the temperature climbing well above my comfort zone. The peak rate is expensive, but I'm not willing to sacrifice comfort during my main evening relaxation time for a grid event I didn't ca"
O2,2,B,rejected,"I'm currently in the living room watching TV and comfortable at 23.9°C. Raising the thermostat by 2°C to 25.5°C would push me outside my comfort band, and $0.35 savings doesn't justify the discomfort during my evening relaxation time. I'd rather accept the peak-rate cost now."
O2,2,C,rejected,"A comparison to neighbors doesn't tell me how much money I'd actually save, and I'm comfortable at 23.9°C right now watching TV. I already raised the thermostat earlier when I was away—I'm not going to be uncomfortable in my own home during my main relaxation time just because others are doing it."
O2,3,A,rejected,"I'm currently in the dining room at 23.9°C, which is already 1.2°C above my 22.7°C setpoint and approaching my comfort limit of ±1.7°C. Turning off the HVAC for 30 minutes during peak heat (34.9°C outside) would likely push the temperature uncomfortably high. I've already adjusted my thermostat up t"
O2,3,B,accepted,"The message provides a concrete dollar amount ($0.35 savings today) and clear rate comparison that resonates with my cost-consciousness. I've already successfully adjusted my thermostat earlier today and stayed comfortable, so raising it by 2°C to 24.7°C is a low-effort habit change with proven comf"
O2,3,C,rejected,"I'm already managing my temperature reasonably well—at 23.9°C I'm still within my comfort band (22.7±1.7°C), and the HVAC is doing its job during a hot afternoon. A comparison to what others are doing doesn't change my comfort needs, and I've already adjusted my setpoint up to 22.7°C earlier today t"
O2,4,A,rejected,"The indoor temperature is already 1.9°C above my setpoint, and it's 34.9°C outside. Turning off the HVAC for 30 minutes would push me well beyond my 2.2°C comfort tolerance, making me uncomfortable in my own home. The peak rate savings don't justify the discomfort."
O2,4,B,rejected,"The indoor temperature is already at 23.9°C, which is 1.9°C above my 22.0°C setpoint and very close to my comfort limit of 2.2°C drift. Raising the thermostat by 2°C would push me beyond comfortable, and $0.35 savings today isn't worth the discomfort during peak evening hours when I'm actively using"
O2,4,C,rejected,"The message is vague social pressure without specific dollar savings, and my temperature is already comfortable at 23.9°C—only 1.9°C above my setpoint. I'm not willing to reduce comfort during peak hours just because others are doing it; I need a concrete financial incentive to change my habit."
O3,0,A,rejected,"I'm home preparing dinner in the kitchen right now, and turning off HVAC for 30 minutes on a 34.9°C day would make me uncomfortable—the indoor temp would drift well beyond my 1.7°C comfort band. The peak rate savings (about $1.75 for 30 min of HVAC) isn't worth the discomfort when I'm actively using"
O3,0,B,accepted,"The message is concrete and specific ($0.35 savings today), the effort is minimal (one thermostat adjustment), and I'm already at 23.9°C which is only 0.9°C above my comfort threshold—raising to 25°C is within my tolerance during peak hours on a hot day. I've successfully done similar adjustments be"
O3,0,C,rejected,"I'm already managing my thermostat reasonably—it's holding at 23.9°C within my comfort band at a 23°C setpoint, and I've already raised it to 23°C earlier today to save costs during peak hours. A peer comparison message doesn't give me concrete savings or explain what I should actually do differentl"
O3,1,A,rejected,"I'm already at my upper comfort limit (23.9°C, only 1.1°C above my 22.8°C setpoint), and turning off HVAC for 30 minutes on a 34.9°C day would push me into discomfort. The dishwasher is running anyway, so I'm already contributing to peak demand—I'd rather manage my comfort than risk overheating."
O3,1,B,rejected,"I'm already at the upper edge of my comfort zone (23.9°C) with the thermostat set to 22.8°C and the HVAC working hard. Raising it another 2°C would push me over my comfort limit, especially with the dishwasher and TV still running. The $0.35 savings isn't worth being uncomfortable during dinner time"
O3,1,C,rejected,"I'm already at my upper comfort limit (23.9°C) with the thermostat set to 22.8°C and the HVAC working to cool down. A peer comparison doesn't change the fact that I'm uncomfortable now—I need the cooling to work, not reduce it further. The dishwasher is already running, so I'm managing peak use wher"
O3,2,A,rejected,"I'm in the kitchen with family during dinner prep at 6:30 PM, and the indoor temp is already 1.2°C above my comfort setpoint. Turning off HVAC for 30 minutes during peak heat and peak rate would push temps higher and make the space uncomfortable for my family during our main meal time. The cost savi"
O3,2,B,rejected,"I'm already within my comfort band (23.9°C is only 1.2°C above my 22.7°C setpoint), and I'm in the kitchen with family right now during dinner. Raising the thermostat by 2°C would push me to 24.7°C, which crosses my comfort threshold. The $0.35 savings isn't worth feeling uncomfortable during family"
O3,2,C,rejected,"I'm already within my comfort band (23.9°C vs 22.7°C setpoint is only 1.2°C drift), the HVAC is doing its job on a hot day, and a peer comparison doesn't give me concrete savings numbers or a clear action. I'd rather not fiddle with comfort during family dinner time based on what others are doing."
O3,3,A,rejected,"I'm already 1.9°C above my comfort setpoint and it's peak dinner time when I'm home and actively using the kitchen. Turning off AC for 30 minutes would push the house even warmer during the time I'm most aware of temperature, which conflicts with my comfort priority. The cost savings at peak rate do"
O3,3,B,rejected,"I'm in the kitchen at 6:30 PM during dinner prep, and the house is only 1.9°C above my setpoint—still acceptable. Raising the thermostat by 2°C would push me past my comfort threshold, and the $0.35 savings doesn't justify feeling uncomfortable during my main family meal. I'd rather just accept the "
O3,3,C,rejected,"I'm in the kitchen during dinner prep and already slightly warm at 23.9°C—reducing HVAC further would make cooking uncomfortable. I've already accepted minor discomfort to avoid peak costs earlier today, and a peer comparison message doesn't change my immediate comfort needs during a family meal."
O3,4,A,rejected,"The indoor temperature is already 1.4°C above my comfort setpoint, and with outdoor conditions at 34.9°C, turning off HVAC for 30 minutes would likely push the temperature beyond my 1.7°C tolerance threshold, making me uncomfortable. I'm willing to help with grid stability, but not at the cost of my"
O3,4,B,rejected,"The indoor temperature is already 1.4°C above my setpoint and I'm comfortable in the kitchen right now. Raising the thermostat by 2°C would push it to 24.5°C, which exceeds my comfort tolerance of ±1.7°C. The $0.35 savings isn't worth feeling uncomfortable during dinner prep and family time."
O3,4,C,rejected,"I'm already managing my HVAC reasonably—my temp is only 1.2°C above setpoint and I raised it to 22.7°C earlier specifically to reduce peak-rate load. A peer comparison doesn't tell me I'm uncomfortable or wasting money, and I'm not going to chase what others are doing when my approach is working."
O4,0,A,rejected,"The indoor temperature is already 1.9°C above my setpoint, and turning off the HVAC for 30 minutes during a 34.9°C outdoor day would push it well beyond my 2.2°C comfort threshold. I'm comfortable now and won't sacrifice that for a grid request, especially since I'm already aware of peak rates but c"
O4,0,B,rejected,"You're currently comfortable at 23.9°C (only 1.9°C above setpoint), and raising it further during peak hours feels unnecessary when you're already within your comfort band. The $0.35 savings is modest, and you'd rather not adjust your thermostat when you're relaxed and watching TV."
O4,0,C,rejected,"The comparison message doesn't explain my specific dollar savings, and I'm already comfortable at 23.9°C (only 1.9°C above setpoint). Based on my past behavior, I don't adjust HVAC when within my comfort band, regardless of peer comparisons or peak rates."
O4,1,A,rejected,"Indoor temp is only 1.9°C above setpoint in a 34.9°C outdoor environment; turning off HVAC for 30 minutes risks exceeding my 2.2°C comfort threshold and creates unnecessary discomfort. The peak rate savings (~$0.26) don't justify the discomfort, especially since I'm actively using the living room."
O4,1,B,accepted,"The message provides a specific dollar amount ($0.35 savings today) and clear rate comparison (3× difference), which gets my attention as a cost-conscious person. Since I'm already comfortable at 23.9°C and only 1.9°C above my setpoint, raising it by 2°C to 24°C is a low-effort change with clear fin"
O4,1,C,rejected,"The comparison message doesn't tell me how much money I'd actually save by adjusting my thermostat, and my current temperature (23.9°C) is only 1.9°C above my setpoint—well within my comfort band. I'm not uncomfortable enough to change, especially when I don't know the dollar benefit."
O4,2,A,rejected,I'm in the kitchen preparing dinner and the indoor temp is already 0.9°C above my comfort setpoint. Turning off HVAC for 30 minutes during peak heat would push the temperature higher and make me uncomfortable while I'm home and active. The cost savings from 30 minutes at peak rate (~$0.18) isn't wor
O4,2,B,rejected,"I'm currently in the kitchen at 23.9°C, which is only 1.9°C above my 22.0°C setpoint—well within my comfort band. Raising it by 2°C to 24°C would push me toward discomfort on a hot day (34.9°C outside), and the $0.35 savings doesn't justify the discomfort when I'm already comfortable. I'll wait unti"
O4,2,C,rejected,"The comparison message doesn't give me a specific dollar amount I can act on, and my temp is already within my comfort band (23.9°C is only 1.9°C above my 22.0°C setpoint). I'm focused on cooking dinner right now, and adjusting the thermostat during peak rates when I'm comfortable feels like an opti"
O4,3,A,accepted,"You're currently comfortable at 23.9°C (only 1.9°C above setpoint), so a 30-minute HVAC shutdown won't push you into discomfort. At peak rate ($0.220/kWh), turning off a 3500W unit saves ~$0.38 in 30 minutes—small but meaningful to you as cost-conscious. You're home and can monitor comfort, unlike e"
O4,3,B,accepted,"The message provides a specific dollar amount ($0.35 savings today) and clear price comparison (3× difference), which directly appeals to your cost-consciousness. You're currently in the living room at 23.9°C—only 1.9°C above setpoint and within your comfort tolerance—so raising it by 2°C to 24°C is"
O4,3,C,rejected,"The comparison message doesn't tell me how much money I'd actually save, and I'm comfortable right now at 23.9°C—only 1.9°C above my setpoint, which is within my tolerance band. I've already proven I'll turn off devices for clear dollar savings (like the TV earlier), but a vague peer comparison with"
O4,4,A,rejected,"I'm currently in the kitchen and the indoor temperature is already 0.4°C above my comfort setpoint of 23.5°C. Turning off the HVAC for 30 minutes in 34.9°C outdoor heat would likely push the temperature 2-3°C above my comfort zone, making me uncomfortable while I'm home and active. The grid support "
O4,4,B,accepted,"The message provides a specific dollar amount ($0.35 savings today) and clear rate comparison (3× difference), which directly appeals to your cost-consciousness. You've already successfully raised your thermostat by 1.5°C earlier today while away and remained comfortable, so a 2°C increase during pe"
O4,4,C,rejected,"You're already maintaining comfort efficiently at 23.9°C within your 2.2°C comfort band, and you raised your setpoint earlier today specifically to reduce AC runtime during peak hours. A vague comparison to neighbors doesn't override your practical approach—you're already doing what makes sense for "
